,A,B,C,D
2000-01-01,0.6876447401114573,-1.257262936320887,-1.61763197591534,-1.6184797845316323
2000-01-02,0.12077716467575794,-0.23640993422514156,-2.4011614002806785,-3.852049827223445
2000-01-03,0.09019407649170726,-0.17516241151753498,-3.695921550251209,-3.6086718814104244
2000-01-04,0.9825363018839773,-0.776529075421383,-3.2848082031778376,-2.862410470467193
2000-01-05,2.5713911107659078,-1.2818392637737053,-3.9236713864023907,-3.080425095974454
2000-01-06,3.2241039804825977,-2.0758675367525035,-3.6001309118383857,-3.1449786260952184
2000-01-07,2.965892163286949,-1.5578653110801337,-1.8551347245542178,-2.079443500359532
2000-01-08,2.7620699678972036,-1.9972383665040863,-1.401695087917631,-3.7686166736277897
2000-01-09,2.7919058417029445,-2.5582332037674558,-1.1734950010021583,-3.716100799511742
2000-01-10,2.1924213300903683,-4.565054272820292,-1.6791746362464188,-3.6614250848728798
2000-01-11,1.0652189823058378,-5.634407200894925,-1.1228159477668807,-2.839990447580191
2000-01-12,1.3699746769189216,-4.647241999986059,-1.995755122169352,-1.9710623288618496
2000-01-13,1.9979981104379194,-4.338179879420975,-2.151836127516277,-2.5178332933013485
2000-01-14,2.88599428105156,-5.192981673772571,-1.2992104053290898,-3.55834157333895
2000-01-15,3.139985037896631,-6.293825618609597,-2.5568413000897516,-3.639841543602263
2000-01-16,2.93280541061242,-5.967304906258847,-2.914775010057508,-4.600091794203533
2000-01-17,2.5827059242302792,-6.625779013942786,-3.0978123267139903,-4.2662689703808265
2000-01-18,3.372934204891592,-7.78099190601652,-2.673279844561006,-4.912839436853503
2000-01-19,2.2313324107590726,-8.953961821054683,-3.989940001266004,-6.171730016360656
2000-01-20,2.4646031265914874,-9.221887525595875,-3.50579297945413,-5.017444527329292
2000-01-21,3.3604905429402656,-8.672335009129101,-4.681196701852105,-5.900713653991679
2000-01-22,3.411250798422341,-8.49512019143488,-4.17368163247305,-6.666337609950443
2000-01-23,3.1733630889919175,-8.38155859741146,-4.180470067179389,-5.176141348887924
2000-01-24,1.0043282208979303,-6.829838651948614,-4.365812767531235,-5.569916498033716
2000-01-25,2.161267843137727,-8.982443590503536,-4.803381651169964,-4.417652012676791
2000-01-26,2.7237452274889984,-8.570041411487646,-6.278628599601089,-3.5332002193652037
2000-01-27,3.9626028106761213,-9.419555916283295,-7.090542419416234,-0.9125382128633972
2000-01-28,3.2262378012334714,-9.618535548430767,-5.85150803690612,-1.0409590717540897
2000-01-29,3.116163425255656,-8.838738199314307,-5.570264703698991,-0.8519823196120049
2000-01-30,2.5790503632513033,-7.8571633285050755,-5.0268790018673934,0.32778686814934144
2000-01-31,2.965129036058785,-7.191008380676463,-5.864591963064187,1.0694945224720493
2000-02-01,3.530821923281235,-8.11457655755423,-4.791196230108891,1.1688719466857183
2000-02-02,2.067168571817553,-9.120036017791486,-4.317606696410749,1.8155892458154765
2000-02-03,2.168518097462116,-8.198699017458543,-3.3946737970677936,1.331160292547342
2000-02-04,0.6591080546311476,-8.42309901362744,-1.8319429628782666,0.22435442868282673
2000-02-05,1.0750403311176464,-8.676463826813908,-1.9545882337656846,-0.35229382573445467
2000-02-06,2.4604410688302387,-7.799124448269635,-2.6573599853148906,1.2292714707729049
2000-02-07,4.525616520727167,-9.960274412204308,-3.063267853748685,1.4731299943632936
2000-02-08,4.4611316247673445,-9.754200497712272,-2.8768341794365138,1.5456374224370804
2000-02-09,3.663416807888266,-9.190413163930447,-1.934864808019901,2.4615598770661657
2000-02-10,4.799162845620081,-8.684262267766044,-0.3756261203350666,1.835992284314038
2000-02-11,4.125100737792071,-7.855123482721418,0.12417796243672774,2.0720914386986147
2000-02-12,5.500816570233763,-9.247487542499726,0.5022839010253746,2.0253637668348623
2000-02-13,7.012158731868176,-9.226394137463112,1.7772419596071314,1.0006260656825754
2000-02-14,7.65863649073015,-9.37672919759076,1.6076811320013529,1.1962961132872802
2000-02-15,7.0134678190166735,-11.86751945737648,1.0889359799324771,0.785267340641487
2000-02-16,7.991802404566369,-11.568643881622537,0.7505589897201048,-0.06631892603509082
2000-02-17,8.51042625440321,-11.275828712959772,0.8489646108007254,-0.11345499712023452
2000-02-18,9.473574917463816,-10.915757511970115,0.2850021654838055,-0.6659487515439632
2000-02-19,9.970665957308954,-10.542518711119413,1.0532106361118063,-0.08930997191255052
2000-02-20,8.891719957601362,-10.098609750823647,0.2161031957220333,-0.20792670714025374
2000-02-21,8.526045041309255,-10.442018894669223,0.1139233839538171,-0.9711679937860291
2000-02-22,8.105266713569822,-9.885082788756776,-1.309069313721586,-1.8692297372936317
2000-02-23,7.681053309820245,-11.0345207558645,-1.6004718852269741,-2.40326793594555
2000-02-24,7.358223507190874,-11.998588271531519,-2.025191464703399,-1.4837809904456494
2000-02-25,6.225481560757194,-13.01843981460135,-1.1824803200969112,-0.6820810882447651
2000-02-26,5.696462191635085,-13.296373936623208,-1.6999605445934072,-1.5031829504432688
2000-02-27,3.30302894691713,-12.469180629341494,-2.8036136192370797,-0.9252217067767121
2000-02-28,1.8663029831859448,-13.547020121051089,-0.16916400737622217,-0.7814209228903788
2000-02-29,2.664641347090877,-12.33274570597016,-0.2105306858011815,-0.9547503699081045
2000-03-01,2.613710273391308,-12.405931796322072,-0.4343292726795286,-0.8094669216474804
2000-03-02,2.3222732499505394,-11.966415665059083,-1.1036814930634071,-2.500545532490481
2000-03-03,1.4526592256544522,-10.6932304193637,-1.1539986348818883,-2.699688164342028
2000-03-04,2.187251142163183,-10.940357464738755,0.11367610937012707,-2.6235154292859226
2000-03-05,2.477257215143106,-12.290568894448429,0.8441984056237626,-3.650294439166168
2000-03-06,2.055627218613057,-13.170386812954469,1.1545050080110884,-3.691769387455435
2000-03-07,2.691174802323641,-13.897448410167604,0.8620619325883293,-4.105456754307541
2000-03-08,2.6722620967793524,-14.96346288187656,-0.08547307755920008,-3.328147236398002
2000-03-09,1.2550183835113793,-14.752071919011108,1.6730427039975397,-2.467025525378163
2000-03-10,2.211323298044147,-15.722832527609302,1.2958150897934322,-4.340695694560364
2000-03-11,2.809084983793345,-16.36659634066287,2.0866900103683172,-3.4371544837355543
2000-03-12,2.206263679590702,-16.80606703065519,1.2679301862979235,-3.292174906654097
2000-03-13,4.348123369570403,-16.22182167329398,1.6470296358358734,-1.7951260284341388
2000-03-14,5.305637409141212,-16.10285992534106,2.0818112282460515,-0.6042515964669393
2000-03-15,4.435030749333625,-16.10583162175344,1.662205208540892,-0.47164338534734923
2000-03-16,3.704660016715928,-16.60809877839902,2.482380686465137,0.5319249481662398
2000-03-17,4.65583829917709,-17.52973130890916,3.2993427759631926,0.019999912846029644
2000-03-18,3.881259108476135,-16.17719893620879,4.417758184391262,-0.7921793608022465
2000-03-19,2.9800532426631214,-16.806144019085455,4.360986460001762,0.04668989950649438
2000-03-20,1.7371429455060354,-16.68342088872639,3.0500486700752045,-0.6446000141724664
2000-03-21,1.3321313439763154,-16.50938735878998,3.2401433633808367,0.1300933941155733
2000-03-22,2.4661760656592877,-17.299486050509312,3.79270785373681,1.7745288950992468
2000-03-23,2.8001800863677624,-17.12256957917303,3.4527051842449237,0.34106080636039815
2000-03-24,3.8496772809952566,-16.99578137340275,5.240990660137863,-0.22471653258239255
2000-03-25,3.1024404600017625,-17.029578091921884,4.677712934576574,-1.0060415094401503
2000-03-26,4.313787952733731,-16.5333492480066,3.164075538080873,-1.2709642244657555
2000-03-27,3.0409230229376787,-14.652894093332762,2.8777497250229787,-0.9357670696728646
2000-03-28,1.3637951185025947,-17.39196671330005,4.848456363459871,-0.9830325104104708
2000-03-29,0.05598080002924255,-17.692884776072034,4.765794174605915,-1.151137237732898
2000-03-30,0.3469664924844287,-17.896727433455787,3.9541305534543882,-2.9804355683983363
2000-03-31,0.9580012850188229,-17.135634957747474,3.6193326443575793,-5.041607471891867
2000-04-01,-0.535213495111317,-17.08461230916921,3.5477479387612476,-5.446414294601168
2000-04-02,0.10672881061732509,-14.938792186955606,2.751303820182175,-6.083128710068568
2000-04-03,1.4870467623903778,-16.207766253459162,3.993375818239162,-5.858243399697267
2000-04-04,0.9963015396750894,-16.21545691821394,6.6687616749488905,-6.493310331707855
2000-04-05,0.2898171927389408,-15.935899936606734,5.637655246228759,-7.400077148433777
2000-04-06,0.476024580929687,-13.929409991460577,7.049935461497688,-5.345625170492813
2000-04-07,1.4496180027197698,-15.153703670392801,5.412079721966991,-4.982775633692285
2000-04-08,2.0043642186425754,-15.640794432476923,6.870661811468331,-3.7030372398542157
2000-04-09,1.933965661781621,-13.812016611948561,6.371106102171451,-3.8819163283586735
2000-04-10,0.7299292729703799,-12.687266605511692,7.321175698787416,-3.6034219172014077
2000-04-11,1.2179810278878753,-12.720842086873812,6.91830749710704,-4.504286436739384
2000-04-12,0.9686477777465569,-14.483061173001351,7.290555594288496,-2.7910871434609046
2000-04-13,0.7410871152676252,-13.716368340014633,7.332072705123566,-3.1746485387566126
2000-04-14,-0.8690557918571168,-14.211464955182528,7.375456734126588,-3.1339546848631117
2000-04-15,-1.0749502264088646,-14.453825327672462,6.458843595647218,-0.5662858432543487
2000-04-16,-1.695011157400287,-14.916605396480334,3.4085856131121113,1.2385287830093878
2000-04-17,-2.088864909927216,-13.78549934490609,4.400338280478314,0.9508577630718553
2000-04-18,-3.2814087430132446,-14.607756083907331,4.780801363165693,1.9084896873184376
2000-04-19,-2.3595070265957885,-16.572336103068317,3.911650636830069,3.3506776035947246
2000-04-20,-2.6960832175997416,-15.897240678505154,3.4984996095187215,2.5611932733157046
2000-04-21,-2.8518814783880275,-15.659781536063537,2.2558939013600865,3.6517587441862633
2000-04-22,-4.438734229568851,-13.811785112369504,3.0968798370773905,4.268614077462906
2000-04-23,-4.450626889984264,-15.566805956687059,4.969538190063038,6.197707017371206
2000-04-24,-3.9801408072379134,-15.411874430477713,6.048630931786101,6.358773882465296
2000-04-25,-3.58287780707139,-16.316808532211027,6.307007054403217,6.972689729514671
2000-04-26,-5.109261230584606,-16.7423016884535,7.202581726439,7.543284409035133
2000-04-27,-6.674816154851862,-16.96038716979262,5.768797496909727,7.073033938702316
2000-04-28,-8.030835343003648,-16.577170047837438,5.521128364035122,6.799440095396093
2000-04-29,-7.8852818691147375,-15.50443127030779,7.230600004562323,8.118738044215709
2000-04-30,-8.477071825493445,-15.828343828325519,8.201820709169013,7.627181634649438
2000-05-01,-7.949038218494541,-16.271823009048834,7.674640892656526,7.49705568428665
2000-05-02,-7.46121417200353,-14.132357467225237,7.910389442016862,8.915047926079174
2000-05-03,-7.6431221313529765,-13.534677829073907,8.577126956431908,8.81524471565205
2000-05-04,-7.78871592428593,-13.79502372143814,8.719572670218497,8.76470883329112
2000-05-05,-8.959991032932631,-14.075062769662635,7.765167246961196,10.172829755564598
2000-05-06,-8.804958032347427,-14.636153516648056,6.808164262249411,11.218619341871067
2000-05-07,-10.21503694932592,-15.338943160283142,9.005233709301596,10.27120164841147
2000-05-08,-10.24249758877082,-16.83114482161364,9.433928700425417,10.511003904969852
2000-05-09,-9.450556619070763,-18.207444621196444,8.845074948354146,10.660903387851791
2000-05-10,-7.793406850041087,-18.60973500443517,9.04335109073399,11.125413125445604
2000-05-11,-6.084242718571981,-18.11600248215016,8.738285847156593,11.589262832411713
2000-05-12,-4.933905990628582,-17.369773183742733,7.625366976934137,11.231307793231068
2000-05-13,-3.7047457118915066,-17.053066515194228,6.777209227066503,12.448004505714406
2000-05-14,-4.193232738242975,-16.738175199657054,7.770980794504352,12.283510476195318
2000-05-15,-3.7480621285902145,-18.21765322776469,9.268000075060206,12.228756644647651
2000-05-16,-3.8399666488209223,-18.334036145525808,9.827383670170208,12.095496347639145
2000-05-17,-3.5725671960948024,-19.363538730311056,9.623335196830814,13.657874282361606
2000-05-18,-2.563668010190698,-21.101814685375462,8.71199946934914,13.231062715918108
2000-05-19,-1.3109004906703958,-21.402902137766677,9.748761790844403,12.735322114392309
2000-05-20,-2.453812020680987,-21.3090139006628,9.909820836867413,13.08766507495948
2000-05-21,-2.201054448215517,-22.050557367922334,9.317886637718608,12.872372275976456
2000-05-22,-3.6635556805887646,-22.096333736260565,10.960427284199675,12.14320234429481
2000-05-23,-3.95284686148995,-20.147426825092474,11.859106905061374,11.218431966417072
2000-05-24,-4.70596801993784,-19.927056674247545,11.823365409779136,12.717999710424309
2000-05-25,-3.774241795247736,-19.046416427231943,12.487270175257692,11.071224330663828
2000-05-26,-3.5681445931597313,-20.70809660572223,13.878213953993695,11.760108589294024
2000-05-27,-3.539154647497733,-20.224975147315803,13.918237804236933,12.405041821016669
2000-05-28,-1.990651868139182,-20.635376125298354,15.846694830130073,12.723304688007397
2000-05-29,-1.1747459849159285,-19.379364433219575,15.634076472401427,12.342591195835427
2000-05-30,-1.316110940020838,-18.64540076748679,13.740871136652983,14.881438354255387
2000-05-31,-1.4051053690640196,-20.080457389929943,12.142943099662547,13.78022136986574
2000-06-01,-0.3240115792940539,-18.98824150483154,12.319415188224808,13.708468189302112
2000-06-02,-0.3461637519830634,-20.488364606935562,11.4662203164647,11.53607807888903
2000-06-03,-0.7491612692217049,-22.096621035138405,11.902375283091532,12.07827344399343
2000-06-04,-0.9881694248179719,-23.642260325251186,11.560615908097246,12.342789698044358
2000-06-05,0.08535301134648543,-23.31946413234475,11.927557158145467,12.004521625658843
2000-06-06,1.1990260619511726,-22.408028183789742,11.50093998797751,10.98876648533163
2000-06-07,1.3182101235401498,-23.636211835092794,11.056190533436805,11.346681295076806
2000-06-08,0.1661847648090089,-25.601197065677024,11.536684593336542,10.066913448146549
2000-06-09,0.5751691816395021,-23.708774414374947,10.962241359528141,10.343201649903069
2000-06-10,2.1960718877170917,-24.878801081496814,10.60313739528841,10.058897520600611
2000-06-11,1.9332942357535037,-25.061833058006076,11.066741717842403,10.84406833470672
2000-06-12,0.6206611519968106,-26.723256519986464,9.977732995448392,12.698914475848406
2000-06-13,-0.07725680656921874,-25.701708998085692,9.2888339489471,13.262802137304238
2000-06-14,-2.1590306118078186,-24.744638545253522,8.152440690825832,12.874831546096432
2000-06-15,-2.381572016537476,-25.003187003454777,7.116811241504369,11.60298514380646
2000-06-16,-2.5674067232581343,-24.756110863415103,7.992305971253582,12.336491790152513
2000-06-17,-1.738010377267012,-24.860183185980354,7.267534690942571,11.96481012514825
2000-06-18,-2.7236949929567302,-26.127881837103924,6.509073058711753,11.189690217830979
2000-06-19,-2.3986042607221782,-24.40121371241498,7.7232600226561425,11.167761629093981
2000-06-20,-2.002898219803377,-23.018124778388138,7.691900765217487,11.893420734362321
2000-06-21,-2.759372533707224,-24.621048830851247,8.193023499653567,12.302602804297665
2000-06-22,-3.226066702328925,-23.829281412103718,8.884774363307207,11.061060630839078
2000-06-23,-4.352443979792613,-23.99444520551713,7.873180767136689,9.354559546226245
2000-06-24,-5.063123333618032,-27.09463378944405,8.363083367109317,9.551735500163412
2000-06-25,-4.088766390740875,-25.13186207072493,8.635575595037066,9.328005922968309
2000-06-26,-4.831335901564189,-23.792602716118306,7.449377217972303,9.738514105332888
2000-06-27,-2.9242663133634776,-22.883271366643072,6.990685046547558,11.559022323344019
2000-06-28,-4.373152664446224,-21.726428718744234,8.55688518170303,12.779042286119317
2000-06-29,-4.79815353849979,-21.394685216818075,8.194836392729595,11.931504769731333
2000-06-30,-4.305737610783492,-20.461226832322875,9.6073592162122,11.81591810925668
2000-07-01,-5.012263021726988,-18.894537152883423,9.698982044047964,11.203842310812773
2000-07-02,-5.845018663683521,-17.225592367921795,8.618541331508819,11.996738381276037
2000-07-03,-4.95980473723084,-18.054574369842296,8.171940419465548,12.083380098312817
2000-07-04,-4.849345580622019,-15.77118566557701,8.226899788131526,12.57562277359706
2000-07-05,-4.973793079126279,-15.991950417207043,8.648106460299502,12.16093476568659
2000-07-06,-4.0834548848398375,-15.093389684414639,7.709496437575769,12.578179884396183
2000-07-07,-3.2370768874367304,-16.765825558349206,5.919609414943983,10.169564629085993
2000-07-08,-3.2076766118829596,-16.75282347373786,6.300736751890713,9.243982160262302
2000-07-09,-1.6479414001388029,-17.771296893760677,5.587868376227959,8.578888007096927
2000-07-10,-1.8919301091849796,-18.544284932219817,5.520659382570016,10.16999880025313
2000-07-11,-2.0518722626732337,-18.158567525562763,4.976543432759989,9.41743925216435
2000-07-12,-0.6009119725613326,-19.26117020907874,4.487605387698693,9.832151647008383
2000-07-13,0.271988219635794,-18.653328190691017,3.901315892604587,9.854411870133706
2000-07-14,1.4356191907721327,-17.518528395204132,3.6522931896587294,12.188864661646168
2000-07-15,0.03566014364012404,-17.68498079308732,5.856765888996231,13.028261124242473
2000-07-16,-0.5686029414707926,-17.094048000184866,3.7218164260677744,14.491058023661566
2000-07-17,-0.4879993033556266,-17.450816534966258,5.595765322575018,14.711196908475705
2000-07-18,0.37474170013290975,-15.695549193963627,4.551510623964093,14.810515183715394
2000-07-19,-0.12250909671956683,-17.818492398393897,3.2424513299807796,14.766580046491192
2000-07-20,-2.007349026961192,-16.838096129206754,1.9207728536111996,15.140493119787768
2000-07-21,-2.6091859139829956,-18.85104626115553,2.12024482441493,17.37306386451428
2000-07-22,-3.5568230271763825,-18.862346314147466,2.3990928072063133,17.719901950744223
2000-07-23,-5.529736961062467,-17.741429754309202,0.5574155065443913,16.480604184653984
2000-07-24,-5.476029143389391,-16.889871910708585,1.054731746606852,15.042303470240512
2000-07-25,-5.128508537743075,-15.705609088982127,1.6145286905058045,14.326486181530651
2000-07-26,-6.005208587692242,-13.828169457407487,2.0903850924792184,14.373037592691936
2000-07-27,-6.02433595145301,-13.711097243540621,4.476102165172023,13.830124304338009
2000-07-28,-6.8464914090655355,-13.466758939293367,5.3074353628355935,11.83514134430835
2000-07-29,-6.31431857630189,-13.704820932089493,5.453672012371391,10.77586800971498
2000-07-30,-5.927369248294858,-13.282103561941799,6.216472426491779,11.063961464427065
2000-07-31,-4.658479522123827,-12.77310067326671,6.257761380638191,10.956356691237616
2000-08-01,-4.293023302565622,-13.205494369062814,6.4875559519486234,11.452196587366435
2000-08-02,-4.2431842112355795,-12.073860535872779,7.252699557223434,9.794443495873898
2000-08-03,-5.543306099682686,-12.78553740014669,8.08028132622941,10.21070170753514
2000-08-04,-4.539591630598895,-11.764604648898878,7.470668624950223,11.006813677416385
2000-08-05,-5.806868606444144,-11.870643201201972,7.112387590620755,12.878882607220131
2000-08-06,-6.819504558268073,-12.33737917100253,6.219570199980074,13.179700677785457
2000-08-07,-5.76790307778754,-12.99823120639533,6.814889239241401,13.459592069017955
2000-08-08,-6.031018586832827,-14.304577653037004,6.970174883928491,12.548163129580043
2000-08-09,-6.5283635497970485,-14.99006769794738,7.748333083563487,11.918696614973905
2000-08-10,-6.982250626801705,-16.052250908089142,7.887074449868185,12.200490706563407
2000-08-11,-6.093686000007487,-15.583617561535208,8.785611294457407,12.497686132047313
2000-08-12,-6.288530936492619,-15.5446172745813,9.175172880689676,13.185393905099417
2000-08-13,-6.608880665371788,-15.437683491628876,7.661633603802542,13.951683024108403
2000-08-14,-6.538197384587698,-15.704501649470032,6.109857529938518,15.310551032453466
2000-08-15,-6.247266911217201,-15.546107548849028,5.589225304844124,15.82754842741702
2000-08-16,-5.796138665756221,-15.335540548038118,5.516938776086641,14.928773438791904
2000-08-17,-6.0018034490574514,-15.491646739412833,4.522255230267106,14.504519950309616
2000-08-18,-5.9954697188697645,-15.685755848601868,3.6807517378934427,14.415614541672074
2000-08-19,-6.935173844590361,-15.592503949502552,4.778685718099027,14.001490686254325
2000-08-20,-6.435361477218065,-15.101099092089497,4.808453235551264,13.691280247340616
2000-08-21,-5.279969771594529,-15.683852778490207,5.3048305801248805,13.26985176891292
2000-08-22,-3.297457695916174,-15.539311466901875,4.890516606568715,13.562367849047831
2000-08-23,-2.956306274856532,-14.362988435505336,6.427779819733237,13.726027456154853
2000-08-24,-3.823382926465984,-14.63837928678934,6.43482341949816,11.9118308462425
2000-08-25,-3.933896691034457,-14.900562594146495,6.62939372932006,12.011584132811723
2000-08-26,-3.5628113403641106,-13.990430549464245,5.860742655163031,13.040889868018759
2000-08-27,-4.674127836258781,-12.591102455407189,5.499558964565299,12.971794847453326
2000-08-28,-3.9770784280541767,-11.614207602624292,5.1721426590892365,12.608200220945385
2000-08-29,-4.144774722587684,-10.821934951334162,6.340893936820344,12.333354491809754
2000-08-30,-2.2793948804760795,-10.854085676851598,7.090695270750068,12.292024899721378
2000-08-31,-1.8654969114005922,-11.221145689815,5.9727136042352935,13.49077956433625
2000-09-01,0.67677714436874,-11.160636441610963,4.691309182116459,12.63272860486491
2000-09-02,1.1429164671455645,-12.352672036608084,4.7404479675608036,13.580603749455438
2000-09-03,1.8471711588743784,-12.505181498212464,4.308381069664359,13.984359072489426
2000-09-04,1.6012132135026773,-12.395085584233433,5.4527307571983155,12.613853467659899
2000-09-05,1.389957677657836,-13.931248566473323,5.457062545701304,12.439138939319106
2000-09-06,1.653246331858181,-14.161328756206672,5.1873473652484,12.430771969868282
2000-09-07,0.31818732086816714,-13.91192722081285,4.6001768345886,11.515669689505971
2000-09-08,-0.5387757718197738,-13.103944489024801,5.43872242714078,12.477505983783368
2000-09-09,0.1980778660502196,-14.068294425444101,4.387293107232845,13.598674722692447
2000-09-10,-0.13214615282483833,-12.831235236739985,4.882176346526869,13.031825074450001
2000-09-11,0.34808050817801023,-14.075436029869914,4.379119107247393,13.663200136825408
2000-09-12,2.1435099613906927,-14.607342077405844,3.534740331608349,13.144201273156211
2000-09-13,2.640332216992626,-16.419340944488454,4.190923366861966,11.256029072233721
2000-09-14,2.116133294357043,-15.284422225014007,2.3312195313221844,12.04692119643274
2000-09-15,2.51478321135309,-14.81488212346476,0.8989273258765837,13.760074030832225
2000-09-16,3.178502265944773,-14.002723710332223,0.15700173911542104,14.5621914895845
2000-09-17,2.7743482775228667,-14.068105248759766,-0.403706874114678,13.609832180576062
2000-09-18,0.032641524872753624,-13.249612319362733,-0.1762063211125917,12.531293905965489
2000-09-19,0.6246919373837609,-14.716154514283327,-0.5046236341467073,13.488211684483472
2000-09-20,-0.8697484834902125,-14.38905644923019,-1.4451397776452488,14.575902421072248
2000-09-21,0.5849551859311,-13.718433792496121,-2.263389870877618,14.204943878922228
2000-09-22,-0.4805357690586294,-12.19656373687786,-2.9775586967131136,14.553525280120919
2000-09-23,0.4311962287861346,-11.354483315647272,-4.716326231783581,13.507822135217573
2000-09-24,-0.011486529814820234,-10.957245838686767,-4.311397235823121,13.249051438069047
2000-09-25,0.17892447579164147,-10.859137635718417,-4.244870018714542,13.3252617168215
2000-09-26,1.2444825759847247,-10.856355380948617,-5.782655770544048,13.689281008498952
2000-09-27,0.16736865333000095,-9.661713391200156,-6.912587323213061,14.88916639694109
2000-09-28,0.9640980922291364,-11.679805045747436,-5.139109496117776,14.338938612948951
2000-09-29,0.22079159289377404,-10.843300939179334,-4.981569608660755,15.55050285993223
2000-09-30,-0.31548208881172857,-12.778179092665681,-4.962005632143056,17.03797095696504
2000-10-01,0.0043347156678970045,-14.313113676634796,-7.2541852662132325,16.96538563023904
2000-10-02,-1.0595751397006947,-15.077538802347128,-7.8122634291773965,18.163808304051756
2000-10-03,-2.5519146183092998,-15.012243189793585,-9.214335476857432,17.700585812563904
2000-10-04,-2.031153641130934,-16.974510098802405,-8.934259804923325,18.307867557171875
2000-10-05,-1.9018251188447408,-16.915057709703802,-7.513426121431325,17.797841291137182
2000-10-06,-0.1363121927966422,-16.350435430817562,-8.145856209496532,17.18589693473212
2000-10-07,-1.0425550466513638,-15.527609499018858,-6.872964878960767,16.65956582404909
2000-10-08,0.2542982558698046,-15.166667118443993,-7.046722644087431,16.590964667556673
2000-10-09,1.719698541037658,-13.81219324331945,-7.250751056914178,17.34722792687864
2000-10-10,0.8340939256114773,-14.447668759778226,-6.4476994142219475,16.883950624461974
2000-10-11,0.7353252295719315,-13.674124449295856,-6.757399924616715,17.58908007747151
2000-10-12,0.7152935627235848,-15.03609562048234,-6.970852760879934,17.583858059774165
2000-10-13,-0.7672209609961147,-14.207112792643269,-6.907768140957477,17.330035479410576
2000-10-14,0.6784419015673822,-13.859613036588538,-7.125404072305715,18.261611268661014
2000-10-15,0.3643808439941594,-12.556704649231147,-8.128218320909724,18.18836290805061
2000-10-16,1.54052647003608,-13.094592600805315,-8.371439592748818,16.95851647511406
2000-10-17,-0.2687892503346716,-11.951379779266816,-8.224858491917132,16.873441358752526
2000-10-18,-0.011178635065430265,-10.587094145431104,-8.536718546802124,17.869892722922454
2000-10-19,-0.18916334487673706,-10.807105403316019,-8.996758841777263,16.110505327763267
2000-10-20,-0.6768978110987467,-10.716862355066121,-11.264409802657639,15.944681773126089
2000-10-21,0.5740070378787745,-12.087626858704237,-12.832801734534085,15.202419742482407
2000-10-22,0.9636079499358332,-12.65864275316774,-12.043557998314839,14.118124547273052
2000-10-23,0.7953897520129454,-13.56240700459306,-10.753193123570995,13.728699404323873
2000-10-24,1.8137150666618262,-16.14163740209825,-9.53628164441889,12.605897367525232
2000-10-25,2.0253611340845694,-16.285740612481035,-10.598298565273193,13.462831990511631
2000-10-26,4.512040411734668,-17.175940977328935,-10.266982531116641,13.76605646838656
2000-10-27,6.804049309361071,-16.667547718615964,-11.584498086104496,15.418516433261198
2000-10-28,7.744142371023113,-17.55867689401387,-11.085445440391041,13.087682753657303
2000-10-29,7.06690419118242,-17.90207762117521,-10.426647390387142,12.878086169962621
2000-10-30,8.431678280762966,-15.848510050432285,-8.956593152736614,14.18478075724127
2000-10-31,9.809177472367237,-17.33722504072006,-10.759184507223443,16.61168796548336
2000-11-01,10.916978066806236,-17.627580528093368,-9.202710840715739,16.220592758754652
2000-11-02,10.075591655953891,-18.400307422097203,-8.354912090009035,15.770846296027397
2000-11-03,10.109152986274102,-18.193258516705292,-7.019770360655248,15.85249098317495
2000-11-04,11.862754153841028,-19.453789009334194,-6.941941593540575,15.808324058118552
2000-11-05,11.778574956686812,-17.10913028763493,-8.727979244790514,16.764684122466665
2000-11-06,10.936895085651697,-18.421575089223953,-9.235044404219177,16.355735263228457
2000-11-07,9.145492065609247,-17.707291825947486,-8.21203218150245,17.405167287602225
2000-11-08,9.15782274198722,-17.9565633172097,-8.055041121775727,20.085507533030306
2000-11-09,9.038431249546225,-17.784127315699937,-8.300770284337437,19.846625872334524
2000-11-10,8.068889232408713,-16.56841822298488,-7.110133064825909,19.5660895551721
2000-11-11,8.161951883661473,-15.942797800629583,-8.312969177169002,19.87016557446458
2000-11-12,9.494492025091374,-16.640626923440866,-8.026781666754358,17.6826696715662
2000-11-13,7.089734863411915,-17.04306273207151,-8.602639663137387,19.634792194198724
2000-11-14,7.964982181861644,-17.65886342169114,-9.167587992354601,19.648379721075067
2000-11-15,8.942269372829724,-17.807406412704523,-8.539497233936343,19.94113077833634
2000-11-16,8.3025115196061,-18.504414571454006,-7.828384065820166,19.711032740928644
2000-11-17,10.310964437895707,-19.089773794138925,-8.310897786687306,22.271534655140652
2000-11-18,9.513162019760072,-18.27053937037463,-8.924406753276571,20.566522669193418
2000-11-19,9.139604860606307,-19.316743580360416,-7.699584095458571,20.09289712477406
2000-11-20,9.484279997908324,-18.613987270210558,-9.340253312990301,21.490468752257023
2000-11-21,9.637359160080482,-19.490382644482743,-9.630034458811673,20.032282668556945
2000-11-22,10.843248143114067,-20.261921938630145,-11.689453820342015,20.51261539981902
2000-11-23,8.704265523966678,-19.41946225685493,-10.717745402176817,18.0339778266224
2000-11-24,8.532353491399462,-18.5170543704768,-11.981848706531196,17.448071887664618
2000-11-25,9.281751769784677,-19.223593327005112,-13.912427101265612,16.380043576987216
2000-11-26,8.879691449488233,-17.96408805267565,-13.821112787944465,15.134476333587205
2000-11-27,7.502981331306678,-17.804611159293078,-13.634649968474672,15.640749081609282
2000-11-28,6.045175923803418,-17.224742311897657,-13.908714149042885,15.959974475585167
2000-11-29,6.9340120787257415,-16.692866455878477,-13.72703074319186,16.853240313296673
2000-11-30,6.093894305271721,-19.10858855311501,-13.071159121483168,15.291072394128147
2000-12-01,6.918367349462726,-18.49493140489952,-12.686210903535901,15.556029168221936
2000-12-02,7.300586171088591,-18.29224091924492,-12.351623127955724,15.593835290612702
2000-12-03,5.3951966439592836,-17.795065840720792,-13.376009424995832,16.928295451994405
2000-12-04,5.711731813018162,-16.24183874950076,-11.90215744039918,18.02143386125293
2000-12-05,5.079547713861234,-16.021374011720155,-10.464084468380959,19.118513872974532
2000-12-06,5.889918908012647,-17.100654303677597,-11.61132169695059,18.989926987008772
2000-12-07,6.892494581314922,-15.639035038162767,-12.108170007159787,18.413281471763803
2000-12-08,8.039645627947383,-14.491264420401054,-13.665997129443378,17.69024746536561
2000-12-09,8.402897057535005,-13.789629150192704,-12.731428191022438,17.346126454502766
2000-12-10,6.333164628675526,-14.782623726917905,-13.1414783853933,18.487959697571064
2000-12-11,6.523367092503418,-12.256252114005498,-13.585280163669962,20.498714020146405
2000-12-12,5.057023261179131,-12.028111299695192,-13.343014415244086,21.374192377645667
2000-12-13,6.217115288534713,-13.033234301834037,-14.356796803382805,20.93463805742387
2000-12-14,6.63145461040717,-13.583058694747033,-15.196113821723364,21.62393476086834
2000-12-15,6.2580624987413875,-14.348392495022935,-13.103662518866596,22.246404844099523
2000-12-16,6.137283775227243,-14.110933799341833,-12.48359563364755,22.622275793298602
2000-12-17,6.388535699160294,-12.860511402920398,-12.868967231294903,23.047365610096104
2000-12-18,6.185993759546137,-12.235851789447981,-12.349378168960392,22.129305644905703
2000-12-19,4.951029037954578,-12.607163378432137,-12.430841511652197,22.333705113088474
2000-12-20,4.506789899423595,-13.027144777157114,-12.537568387770401,23.24876724660041
2000-12-21,4.5562522413092355,-13.055942134083825,-13.024514588579216,22.86303490243999
2000-12-22,2.6060042226480125,-13.520546794900062,-14.716579019424493,22.74941311162845
2000-12-23,3.1178978345877164,-13.642547128254945,-13.44775816383533,20.996115946514873
2000-12-24,1.0949940660116444,-15.286655483977876,-11.912222628083153,21.68092937825636
2000-12-25,0.10558236724279457,-15.784487910478001,-11.887383666698312,21.66374947919639
2000-12-26,1.2148970688180931,-15.663204432743168,-11.832326757061873,19.65678538168802
2000-12-27,1.2770499609818087,-16.42054214463417,-9.265261752032853,22.22657761783467
2000-12-28,2.5007216056866577,-16.828594716179158,-9.489449459362081,21.127597731027855
2000-12-29,1.8459266483900918,-16.25876251838022,-8.011076566025697,21.83705005758772
2000-12-30,1.9723261291577479,-15.960921291604851,-7.858843978492302,22.210540498069435
2000-12-31,1.1952237857866208,-16.118630953686868,-5.959963591450769,23.564778723795
2001-01-01,0.6498093222362392,-15.549389255632935,-6.426405762532824,23.595284473482476
2001-01-02,-0.8484392330057363,-14.634465330951159,-5.325516842083791,24.0637447669559
2001-01-03,-0.5542827815832831,-15.265684354280712,-5.132842581452303,25.621510552956263
2001-01-04,0.1544441005170042,-14.298235834166531,-5.491483011520905,24.90337798482646
2001-01-05,0.8831524580260894,-15.010132606304317,-7.1585552950176865,24.411327763993352
2001-01-06,0.17014234080165502,-12.706036349346018,-6.913287006446525,26.12559754860728
2001-01-07,0.20904215671776818,-12.299577276860044,-7.273968613433794,27.105462555851556
2001-01-08,0.9244100104803206,-13.968116632461195,-6.429942924027706,27.853608561095292
2001-01-09,1.9223716876366819,-13.307631758365611,-4.689084823198323,27.053899111725464
2001-01-10,1.3094557018205912,-14.624078437854376,-3.5964241304999938,26.111149718780798
2001-01-11,0.881023640246723,-14.601281742816097,-4.155201543814515,25.571963618882897
2001-01-12,1.9948487840711957,-14.140325284240367,-4.42440266263022,24.54990311749101
2001-01-13,2.4432633993763107,-15.043839968482105,-3.526076697712342,26.235318421261837
2001-01-14,2.7839254883596456,-13.427728155858373,-3.896174849231345,26.73804710241226
2001-01-15,2.9226281745513107,-14.046921332165057,-2.605635041232573,23.655570147603605
2001-01-16,2.7050229992130688,-14.483688746461098,-2.259695042824943,25.11171945026804
2001-01-17,3.3632553852708673,-14.95736149898828,-3.4435136093367023,24.5830814819706
2001-01-18,3.246328108736125,-13.884444323362725,-3.796786811054841,26.078954694718707
2001-01-19,2.652727858924935,-13.72243391308797,-4.743586310822825,26.305202270617844
2001-01-20,2.1673238307667706,-14.721195313564104,-4.746359494152324,28.34491380637352
2001-01-21,2.3232654429088626,-14.078285725491645,-3.9837041125004777,29.67385323838076
2001-01-22,3.1175653947463067,-13.249774175334553,-1.971708354657654,28.715858182155475
2001-01-23,3.374475583863057,-12.706759825234116,-4.314073623494066,28.018293709388452
2001-01-24,3.4870253866631997,-12.570847499491485,-2.4519814681756014,27.463308438761295
2001-01-25,2.2848276696645806,-12.5282075710947,-2.1715670540721117,27.378808122005772
2001-01-26,0.25084207577971807,-11.873678968857838,-3.523117899706527,26.846628620077638
2001-01-27,-0.06914433597588682,-11.727862812072841,-4.1980731812540455,26.716786898729897
2001-01-28,1.0586319482513589,-10.223946778543572,-3.7707664078228555,25.841536468607284
2001-01-29,1.2076598459526546,-8.85168266742199,-4.130778767849811,26.8528509343223
2001-01-30,0.6278443251222369,-7.190859507890025,-4.3937688937508055,26.873736778823176
2001-01-31,1.594430475098739,-7.629495829419152,-3.6392284182120456,27.048555581480507
2001-02-01,2.8190440499165503,-6.851340144057579,-4.252522558874936,28.299044259964678
2001-02-02,2.593046386916269,-6.341079443608012,-3.6975269270703013,27.84050951596163
2001-02-03,1.4043227760054768,-6.294169209049281,-3.189802554332276,27.308180895042042
2001-02-04,3.1124543881967406,-5.3498666103677746,-3.9872291382394742,26.96786466021035
2001-02-05,1.8036696129539593,-5.190511221557871,-5.020945301205999,26.36620434278926
2001-02-06,1.3563526597753772,-4.540854607031283,-4.7130069377329225,26.88085361153952
2001-02-07,2.9589252110161155,-6.060764268726669,-3.326843007813666,26.273232754160624
2001-02-08,4.217389223116781,-8.195267272017995,-3.827435955954874,26.382047651735217
2001-02-09,3.698887675892642,-9.188609709706103,-2.485231258464152,25.97001594371063
2001-02-10,2.526414048952752,-10.275628393449509,-2.422019782706123,26.523134752661633
2001-02-11,1.4503062352833231,-8.192296618677243,-0.6093474135470576,26.58573576087713
2001-02-12,1.1656327013371741,-7.759515701474484,-1.0868996315004056,27.243015575107894
2001-02-13,1.5462425161791329,-8.924199723245149,-2.3020316961155425,28.29960179724778
2001-02-14,1.6838250362265013,-10.214559109590589,-3.647237933759391,25.808754270012777
2001-02-15,0.34990507954941785,-10.969978748120324,-3.9426117896012984,27.094681247571238
2001-02-16,0.6917238723058063,-9.804423553744034,-2.819292981562069,27.85082643936846
2001-02-17,1.4221995571057136,-8.828554121543963,-5.47564273426368,26.651503970480945
2001-02-18,3.8554777409006324,-8.792793039943765,-5.297485064965382,27.758496577868748
2001-02-19,4.2419419099136695,-7.135586081848868,-5.147722104927953,26.634589528667295
2001-02-20,4.501848732720487,-6.437231512224021,-5.867550475914469,27.374288329777713
2001-02-21,5.566589598846092,-6.782994544877738,-5.666983066236819,26.6668334765534
2001-02-22,6.666619972876293,-8.392476944243725,-5.627686294105718,27.762671204110536
2001-02-23,6.870208353574082,-11.339664690654331,-5.5279968237581825,27.219196135711005
2001-02-24,5.281432285514434,-11.817740418468862,-7.106210700082591,27.73742114180931
2001-02-25,4.07946582250772,-10.732543947243427,-6.237662184154937,27.023316470476583
2001-02-26,4.544838672754255,-10.153103358658923,-4.7152549621602144,24.378143134141233
2001-02-27,5.58125022192729,-10.593092086478528,-5.176061752483156,25.622140094714965
2001-02-28,5.892573395051063,-9.289123420095486,-4.968353614918619,23.316512948264407
2001-03-01,5.420435961382427,-8.237826202729039,-4.442454910429211,23.99116107653184
2001-03-02,6.7550905440195015,-8.561651187255316,-3.506688567751218,24.360583798180606
2001-03-03,6.293874477755358,-9.464503126542066,-4.430870748149436,25.05359032305809
2001-03-04,7.039569321874146,-9.745769127971101,-4.951369473680604,24.69564264982684
2001-03-05,7.396235788185509,-12.015627944725907,-4.725066099427523,25.406517981371554
2001-03-06,6.7158510139229515,-10.53454676867589,-4.5084306799485505,25.63566381621225
2001-03-07,6.992490946469188,-10.31827852953718,-4.028998265454817,26.752934535722297
2001-03-08,6.698126058117933,-10.31025069254838,-4.045255224160502,25.923417246538868
2001-03-09,5.726291964831908,-10.134682345940101,-5.4940617659957525,26.353125833050697
2001-03-10,5.540184191433462,-10.765750472573568,-6.649848943269461,26.973522188466156
2001-03-11,6.209367140468272,-10.995260567512226,-6.5572189716548355,27.76196107773105
2001-03-12,4.929685144924665,-10.364266470834343,-7.816741214338485,27.39519285044758
2001-03-13,5.02311272107884,-11.023814260894373,-7.413258971505982,28.658523312848825
2001-03-14,5.657944134393171,-12.019283101358413,-8.480575750975111,28.05082984297176
2001-03-15,3.9289776730638812,-11.68097035876918,-8.227847971091466,28.768660415505522
2001-03-16,3.8663308165416135,-11.069329019523014,-9.213317535997504,28.920934308441403
2001-03-17,4.234227887628213,-9.963068621795237,-10.11948368622315,28.957994474714628
2001-03-18,4.6851308489824195,-10.270113369782111,-8.548260939868104,28.568197936109126
2001-03-19,4.581281800122076,-10.029994815056842,-8.550986895919367,28.91926697973621
2001-03-20,7.1447161339656855,-8.468453312185162,-8.274333779459619,28.89097197913293
2001-03-21,6.846959702994006,-8.53853788625307,-6.072110094250363,29.644601909165754
2001-03-22,7.599991949344467,-7.480215194161521,-5.019809319264337,31.614956749634793
2001-03-23,7.788947984652685,-8.805363734587415,-5.173781617830457,32.25463422163818
2001-03-24,8.720509126732512,-11.18699346991656,-5.442946581130714,32.85268839349379
2001-03-25,8.96356298843767,-11.236919192738315,-5.412233076042239,32.32575110604268
2001-03-26,10.487070559929059,-11.372527793833823,-4.172744678001349,33.35717397232803
2001-03-27,10.546335713152944,-10.594131590651648,-4.899825174846114,35.96559373132569
2001-03-28,11.279814470356547,-11.015032933491359,-5.855452833331552,34.27777456254622
2001-03-29,11.471648250743792,-10.539010525761045,-5.895279561014651,34.37034165431997
2001-03-30,10.692140706664896,-11.087597526426592,-5.950933968608116,34.396986816415385
2001-03-31,11.9146285712392,-9.79765758515044,-5.990224888123549,35.123554361882405
2001-04-01,10.758614532717846,-10.204091293260966,-7.201330440614765,37.05846683100673
2001-04-02,11.136952991373311,-10.743404958586167,-8.11182682772465,36.113770071405206
2001-04-03,12.058672349826317,-11.294338986366963,-7.238683373339001,36.251958931217
2001-04-04,12.467976250809677,-11.379704099406382,-5.878746348210347,36.941267191838506
2001-04-05,11.478038070277918,-11.220815875408217,-5.478041552455303,36.75425446086481
2001-04-06,11.930108623818771,-10.528875047413084,-3.94963593582775,35.475914832582326
2001-04-07,11.596862043690145,-8.955853418043755,-4.503396922019709,36.00256707297265
2001-04-08,11.64031034101827,-8.735415054921587,-4.693069520467002,36.25514786883986
2001-04-09,11.367113759368968,-7.576255649788021,-3.5289541903824766,35.05101919224333
2001-04-10,11.878026796463867,-8.86533294493397,-2.8849812737768166,37.203092698709554
2001-04-11,14.126054697340912,-10.599972849084603,-3.9650006599215284,36.548868194591726
2001-04-12,14.884719660505304,-10.446312732347442,-4.958825842347191,35.69690914923826
2001-04-13,13.971604715518676,-11.196220264524614,-5.675526412688597,35.79444028036445
2001-04-14,13.679310579438742,-10.090690054682677,-5.411901160503054,36.536370458316966
2001-04-15,13.25674427412911,-9.837744944904161,-6.5453859843387,36.45146940109684
2001-04-16,11.080381426288744,-10.592808152894404,-6.2705852329806,37.564278423548565
2001-04-17,10.30034776999478,-11.43666966083283,-6.319704841320657,37.416881679019845
2001-04-18,9.36039251621641,-10.739707686160964,-5.250746438093771,36.58566538991304
2001-04-19,10.691915815592306,-10.605911823722161,-6.0367629462383965,34.461596265670245
2001-04-20,8.739619677235458,-12.575437837367039,-6.050573742407368,35.693809503772776
2001-04-21,7.430451020339383,-13.86733856280064,-6.279713720631125,34.73885819370966
2001-04-22,7.003603007585634,-14.067568562138948,-8.030485738424098,35.22982711508319
2001-04-23,6.236043977704014,-13.57681266896349,-9.46234578212922,35.06463317711261
2001-04-24,5.133770556521295,-13.195777680193409,-9.15123950481452,33.778101070243814
2001-04-25,5.8537224657682945,-13.933855959963228,-8.772092720212811,33.41562554446222
2001-04-26,5.7488003793790945,-11.192693785424911,-9.360541677266305,33.29978362255882
2001-04-27,5.861904902877284,-11.506216505721703,-10.637779472280224,33.70314491538555
2001-04-28,5.535611825610302,-11.535531526578652,-11.339308550135229,32.02347136089411
2001-04-29,4.8643762410479034,-12.064587729633542,-10.23468717422046,31.286741464753163
2001-04-30,5.290959219839408,-10.941111514419063,-9.44708470676545,30.974120157072367
2001-05-01,3.18040364663154,-9.823032054719187,-10.082103865446731,32.19041280451385
2001-05-02,3.2912182424094323,-11.014386937780438,-13.0359516691566,32.9230080948293
2001-05-03,3.3395677387426836,-10.148190805587355,-12.156557529267257,33.1366016941004
2001-05-04,3.1245403302928225,-10.279738820533636,-14.38499656153157,32.479831588739145
2001-05-05,3.542503570378662,-9.736773798685064,-13.329536105943683,32.10765643777141
2001-05-06,2.9330251283628437,-9.655311829790612,-12.22490299749354,30.5431421065891
2001-05-07,1.4703536658481788,-10.749113808406106,-13.137786511010283,31.056535222900678
2001-05-08,1.5415996256234121,-10.783533340866027,-14.683598280378181,30.584456112650763
2001-05-09,2.1785094720787956,-10.607407496760903,-14.99282132071843,31.128500028241902
2001-05-10,1.3670320501489983,-10.593126243189776,-14.877065390715913,30.770234331018344
2001-05-11,2.489413770960459,-10.819201738508724,-14.309579334174195,29.02253299668278
2001-05-12,2.652117951916407,-13.197150087146941,-13.932090980959817,30.833304499791424
2001-05-13,2.7873411986502914,-13.927622385395045,-14.63587982607682,30.853181992898268
2001-05-14,3.8521092831049826,-14.50822282035899,-15.695494906939,32.02003373911449
2001-05-15,4.4274202384455466,-16.03880183300484,-15.763278922445721,32.104598424917654
2001-05-16,2.720169386354956,-15.943171550483054,-15.85882112177801,30.315068003516593
2001-05-17,2.446018371079399,-15.047220009476135,-15.70606885377585,30.785812894879783
2001-05-18,2.7363575187269187,-14.639540655924073,-15.249701609794185,29.87719351195271
2001-05-19,3.2501006324519577,-15.409705628705305,-15.165908074062719,30.41556883957564
2001-05-20,3.8522461700709645,-16.4414920773522,-14.399378945808012,31.92294659280931
2001-05-21,4.060692155848693,-15.465336537045452,-15.856372691556572,34.07993720956867
2001-05-22,4.324887193534509,-16.09260324717411,-15.929277947420902,33.89371281586221
2001-05-23,4.724809177030259,-17.70720646483455,-17.164059524685097,34.13566820680429
2001-05-24,3.49775853490301,-16.628321181280874,-17.31074454650927,35.46233810006802
2001-05-25,4.16176878863166,-16.736628271721553,-17.49473165649616,35.14320418033524
2001-05-26,5.988485771731658,-17.377995742533773,-17.14913938826236,36.01981610117803
2001-05-27,6.829426404795539,-19.3389452048325,-18.313814485376632,36.03025002369699
2001-05-28,6.563227848256108,-19.125985137601994,-19.558935806760893,36.91098661504472
2001-05-29,6.441526288379925,-18.673866228116086,-19.199666398189297,35.92517040220757
2001-05-30,7.1124565599762555,-19.136001649897953,-19.761687035832118,34.026003402970275
2001-05-31,10.177151448096742,-16.536210167343263,-20.20506195201545,34.46013370889865
2001-06-01,9.936841349862503,-17.001145114495966,-19.085876048848274,35.22395660155215
2001-06-02,12.512566611747976,-17.674942397975485,-19.873177646690664,35.25325918081873
2001-06-03,11.753177810537085,-17.19297094845086,-19.908333214587035,35.76763688229797
2001-06-04,12.255662697539286,-19.322819106803088,-19.740859461907018,36.70438840421829
2001-06-05,11.303961060991725,-20.004385714074303,-19.98667156506154,37.21637611975093
2001-06-06,10.662830968663956,-20.666753047823292,-19.389353909785758,37.13347894200751
2001-06-07,10.322703770341931,-19.754276812769767,-19.970291828382575,36.728103062480564
2001-06-08,10.361966971778982,-20.31743263782129,-21.845392944144628,37.2654009753017
2001-06-09,10.704831352976049,-19.132240841764627,-21.20666505489626,37.93700211143363
2001-06-10,12.85136540942514,-20.014783979641066,-21.17412815978689,36.92597618257587
2001-06-11,13.581996686906542,-19.107996270941193,-20.176877662289076,36.2291482281783
2001-06-12,13.257143762018703,-18.75391732690001,-20.317737491782122,33.9514525727548
2001-06-13,12.937931021495995,-18.752292919791994,-21.508538023708837,34.29233655693854
2001-06-14,13.099195403808956,-18.652802101629266,-22.092848549259433,33.27948709187372
2001-06-15,11.70161607735509,-20.946103748985117,-21.9032289860153,33.85313656321519
2001-06-16,12.103114660037,-20.69192312122256,-21.02434402704772,34.21808479123902
2001-06-17,11.853554894857735,-20.167960375162064,-20.9811480939307,33.079563201275654
2001-06-18,10.930890089150806,-20.892006874292363,-21.629076571209637,32.6104217204409
2001-06-19,11.572531859492377,-21.057803736160444,-21.88227349191974,31.77185098599242
2001-06-20,10.843728359103412,-19.243058590699547,-20.784789376704712,33.08285645446162
2001-06-21,10.156756829413428,-17.788361066100563,-20.934207068148776,33.20036439470251
2001-06-22,9.2613119397239,-17.88513448542271,-21.08900123514983,34.61277305674696
2001-06-23,8.64286841669753,-18.262894980889296,-20.235709386406025,32.87239737054131
2001-06-24,7.608402364040526,-18.448494817558494,-19.47135761153891,33.12364227251689
2001-06-25,6.744498660865816,-19.026727100603672,-19.843076295876617,34.50853924339008
2001-06-26,7.124863344336021,-16.969463846538897,-20.886441514026185,34.408354728764635
2001-06-27,8.041273073233306,-17.779924259891164,-20.29777485049671,32.96237448115513
2001-06-28,9.546551084836484,-16.6775840713003,-19.86631025454264,31.924518778603645
2001-06-29,9.724677473784904,-16.81945026309839,-21.133735317776353,32.8459790159408
2001-06-30,10.610003383083036,-16.6090111257673,-23.35647019595363,32.725875213269966
2001-07-01,11.686895764118384,-15.136221371653363,-23.32541292590078,32.740092744467525
2001-07-02,11.80751387427797,-16.49492260169505,-23.281546461009224,33.21421517426794
2001-07-03,12.42431755228152,-15.30022805240661,-22.622778495095748,33.63333106195138
2001-07-04,12.133507346485867,-14.971144014992952,-23.555335292721733,33.779246433475116
2001-07-05,12.225151500750803,-15.686387602270687,-23.746625975057793,34.342092185391856
2001-07-06,13.833335394086202,-16.840622269433894,-25.62876815646309,34.127253303445855
2001-07-07,12.441659177315556,-17.56255525711117,-25.803107825982625,33.487968698477424
2001-07-08,13.044206664498025,-18.028450308334207,-25.628345710124105,33.93956977891524
2001-07-09,14.138430428576614,-17.508303154790987,-24.347439224252113,34.36402934839208
2001-07-10,14.846528919396139,-16.30082066303524,-23.964704159529486,32.86852367845177
2001-07-11,14.794429670603662,-17.281234119922377,-23.986933812727994,33.47814129956623
2001-07-12,13.663125646459822,-18.84363291347698,-22.38501929348447,33.866473549265244
2001-07-13,14.730885278801447,-18.413043171844418,-20.460926368536384,34.686214895406565
2001-07-14,14.102182087279429,-19.19583636227797,-20.161117949890244,35.2548594184996
2001-07-15,13.84740060596676,-19.788203663909183,-19.48200521318753,35.75001818850785
2001-07-16,12.834270740274347,-19.862527259764065,-20.45151222442726,34.781793880287864
2001-07-17,13.011124814870385,-21.154632201183468,-20.11203540682932,33.664177277533426
2001-07-18,11.614122375996207,-21.468270211876973,-20.274279335055603,35.01986207342437
2001-07-19,12.712716619858401,-23.53829892661298,-19.63814415139916,34.759660871896145
2001-07-20,13.335909989630338,-23.81747277698167,-19.187305320536066,34.062565560935965
2001-07-21,13.917351122153567,-23.691416590533173,-19.828048440118284,33.34624932388301
2001-07-22,13.416959238558887,-22.808193368938042,-18.967457580527814,34.98922762840161
2001-07-23,13.524675344675632,-24.26814567130965,-19.53378496947245,35.19831805254816
2001-07-24,11.724364970834841,-23.71548478688865,-19.572421570035477,36.102326630892186
2001-07-25,11.582640601816669,-24.518097239332516,-20.80631450566302,37.4522296053231
2001-07-26,9.191072332562227,-25.340723308634935,-21.533142645607697,38.25612996371379
2001-07-27,8.767135330021553,-25.42896384203482,-19.962846723592985,39.71725316124704
2001-07-28,9.392685335885856,-23.930082947623013,-19.259913892790674,38.79882161265815
2001-07-29,8.05520548158562,-24.115196466080786,-18.35910909597804,38.33031527076621
2001-07-30,6.854923093731732,-25.50826203230347,-20.152338178711773,39.01009978972021
2001-07-31,7.3228128023949015,-26.037497110789992,-21.467238961437378,40.28461953038634
2001-08-01,5.105290353221746,-25.90492315014744,-21.108453570228278,40.30488720740564
2001-08-02,4.1248791224522545,-25.97804500958666,-21.362032238883778,40.86731254002281
2001-08-03,4.216811427588063,-27.96087137696933,-21.76801994375208,39.579197855153886
2001-08-04,3.822429208651715,-25.686221259924636,-20.746594369938293,40.44676312528165
2001-08-05,2.5631588490424817,-26.379935455518904,-19.698089313833087,40.88530456074963
2001-08-06,3.2005034444218206,-25.45787513836042,-19.426957902971818,43.096626608563014
2001-08-07,2.3569377101534448,-25.789411246342414,-18.921777669486538,42.26886263387368
2001-08-08,3.1026204338459484,-24.1336769070525,-19.355994140599666,42.252545377677556
2001-08-09,1.9459527437474795,-24.68659241811828,-19.0395184223899,41.20925630240686
2001-08-10,0.7077388051370177,-24.327261144139555,-17.428614429365116,43.156244962076215
2001-08-11,1.157745254967949,-25.402916180590847,-16.545887550088175,43.92416188674178
2001-08-12,1.0332143069898125,-27.48950071506792,-17.63935798103787,43.586552105775525
2001-08-13,2.390899095064471,-26.917894527163046,-18.653778487741207,45.59499798506492
2001-08-14,3.6759490926668774,-27.189266248346083,-18.72410432413961,45.09209645730353
2001-08-15,2.9040676797319227,-26.346843659258862,-19.230009691637022,46.560128848693594
2001-08-16,1.6353080775071915,-26.853223610158395,-19.43144105629402,46.878577615484026
2001-08-17,-0.3766328100516416,-27.026839831273108,-19.62066901553024,45.82549136766141
2001-08-18,0.18187294197668524,-27.23425257753622,-20.840575578065877,45.25496079016297
2001-08-19,-0.11294943556669429,-25.55675878368195,-21.030169020826897,44.99337505815769
2001-08-20,0.21057343347293928,-24.946096116608135,-20.278030916203562,44.82276226405151
2001-08-21,0.36528498420756644,-24.24071828817956,-20.38148343698552,45.10859906681447
2001-08-22,1.5575946343762903,-23.092620250542737,-19.75749494515033,44.387521545994744
2001-08-23,0.49472774328276237,-22.134597694935696,-17.99477842306527,44.97416561216598
2001-08-24,-0.4425648478311285,-23.933835383139137,-19.107297236489085,43.536191149432845
2001-08-25,-0.5201198795844157,-25.914065393493686,-19.951613649526582,45.12005252951503
2001-08-26,-0.924999714950796,-26.166015814047494,-18.617021388963813,44.85951737226293
2001-08-27,-0.8314966534629606,-27.092606164252686,-18.241114490468803,45.01962390965899
2001-08-28,-0.08075650187670458,-26.33232547978738,-18.48542142546858,44.21629561220914
2001-08-29,-0.034005328569168124,-26.565591214801653,-18.218698021664395,44.43149772177112
2001-08-30,0.32883882881547327,-25.81847180830969,-17.471713497986123,44.208131790073644
2001-08-31,0.32568292799353576,-25.389575695418277,-17.41284586310253,42.532730722643635
2001-09-01,0.8382259696945851,-23.862594470347826,-15.913776160372768,43.81371278222216
2001-09-02,2.8197132414344006,-23.732091209178545,-15.538913773361145,43.57078611697081
2001-09-03,1.383698019396325,-23.380297811332905,-14.540293673573121,43.60790885089274
2001-09-04,-0.23340136571283576,-23.63646462213871,-14.986671240046517,42.93212076901007
2001-09-05,0.9987827419104578,-24.62908155900896,-15.800758649089929,43.12653381673193
2001-09-06,1.5652883532191488,-24.142024423960077,-15.059937335085005,44.44864455040498
2001-09-07,1.9585594800458308,-24.509037375991095,-13.853097053495645,46.334583255406905
2001-09-08,2.1382471602777278,-23.673323097025367,-12.927034400115824,46.716743399558865
2001-09-09,2.78785082779801,-24.488499914406695,-12.600096997092793,46.972023897950265
2001-09-10,3.753338446036703,-24.645320729076786,-12.462570346854672,46.214427685454815
2001-09-11,4.847782561683294,-23.555414508850564,-12.649873923064595,46.86401984456841
2001-09-12,4.232148238989119,-24.428853047823736,-12.845108527774634,48.92896737694496
2001-09-13,2.7556296033372445,-24.37343937356982,-13.368012442816777,49.10294339998773
2001-09-14,3.6423517717679363,-24.99094465410566,-13.058481723084578,49.72951273660289
2001-09-15,4.808541242914513,-25.897781272214047,-11.884863450237479,49.47931615153096
2001-09-16,4.1329327101761075,-25.511246268839816,-12.707659391989175,48.40452408726105
2001-09-17,4.809934513944704,-25.449107430651026,-13.138280836257403,47.98610126917011
2001-09-18,4.206406111841783,-26.81579284205907,-13.40696893363627,47.903872591278464
2001-09-19,4.229538927639672,-28.00762888928296,-13.367935749493409,47.145565842113804
2001-09-20,4.546583413105748,-27.764359154838523,-10.99811620833593,45.36272811657393
2001-09-21,3.3516551358940907,-27.343620774258227,-11.882642421020153,46.70751486861381
2001-09-22,2.8631568757342176,-27.359480453925727,-11.901030749912252,45.86735367988626
2001-09-23,3.2349308392462004,-26.198380106194552,-11.249824517084521,47.136061382619324
2001-09-24,4.117860045024452,-26.6344513447004,-11.406125539676696,46.00190052826245
2001-09-25,3.395758117990465,-25.96775003837625,-12.638014840361329,44.18881098739095
2001-09-26,3.146299732360964,-25.366510322634625,-13.954374610832039,44.56787872027366
2001-09-27,2.3734288187167225,-26.03822199514137,-14.03594917824744,43.70550752782904
2001-09-28,2.667645096120691,-24.736037055238008,-14.108682261155801,45.89606317188501
2001-09-29,2.960957475124113,-23.477551396251375,-13.084343112395885,45.77406338755435
2001-09-30,3.3727028809064907,-22.594661859283743,-11.438489475838171,46.003139454089535
2001-10-01,3.427788885288601,-21.077248893944052,-12.33400410925824,46.00416840382637
2001-10-02,5.021418845030184,-19.528916218857056,-12.474345383138667,45.43729405260808
2001-10-03,4.927857009590757,-18.888127404019254,-12.256332691801658,45.48556554595675
2001-10-04,5.572812351369562,-17.986897235376567,-12.28566378661612,44.178238155706204
2001-10-05,5.406917350135532,-18.451079192888862,-12.334452092998132,42.54877405300929
2001-10-06,6.340109280990665,-18.406085887925617,-12.783196313512793,43.380343219032504
2001-10-07,7.493823961286829,-17.832087893107413,-14.071484461187234,44.731680858838196
2001-10-08,7.5063009840752715,-16.69632332794192,-15.674205158852914,43.94755357139057
2001-10-09,7.423963927469483,-17.425966714062923,-15.752729185704341,44.44195972796461
2001-10-10,8.466836211990012,-17.808859717022738,-14.0403875696118,45.40657182719323
2001-10-11,8.26484016281696,-15.926680514668174,-13.45600191853718,44.1388289162612
2001-10-12,9.8478870204017,-16.873044117924735,-14.033456407634025,43.470481769693706
2001-10-13,11.246672374382221,-17.282187060052067,-11.955565645984256,41.70141558941188
2001-10-14,11.824714438570092,-17.384278739576068,-12.796931000965719,42.830480882837804
2001-10-15,10.88067129827063,-16.049320633556047,-14.079584169153746,45.08624482367062
2001-10-16,10.955140406843144,-15.393467076722377,-14.821761049967852,45.43379780261208
2001-10-17,10.863656695716346,-15.671403325182657,-15.337045573548778,44.805635206939925
2001-10-18,10.73820201357662,-15.879041105475016,-16.352607601771368,44.364160521444354
2001-10-19,12.445049730600237,-15.981966388707294,-16.029989972017038,43.69732811932025
2001-10-20,11.332267114931636,-15.447036934253372,-15.34218077049702,43.60866734954249
2001-10-21,10.987031536912525,-14.275477401142954,-15.817733471920516,44.458201100581746
2001-10-22,11.836969306600592,-14.173511543096522,-14.80103974162063,44.20446126852809
2001-10-23,11.119811652301134,-13.915371229907326,-14.261063804940846,43.44247808449165
2001-10-24,12.319656949173925,-15.903013196473106,-14.604663439251297,44.08844628688422
2001-10-25,11.116921569344383,-16.1998092319499,-13.584765859575942,44.03581441568974
2001-10-26,11.972836325593201,-15.964522744883908,-11.390214301115535,43.46822033483038
2001-10-27,11.005982821870541,-17.517529569689675,-12.894959083298323,41.930495604169934
2001-10-28,10.743504472639517,-16.395393966233957,-14.800899648471681,42.1529687691816
2001-10-29,11.467182730185826,-15.26956663656608,-15.241688981946792,42.264295674200135
2001-10-30,11.591717555299816,-15.170740619330672,-14.87522040243588,43.93714578618784
2001-10-31,10.404430389272035,-13.997652745979847,-16.30798274389104,41.809250058952
2001-11-01,10.348946970515374,-13.562547993456885,-16.58327615352558,41.08189626505266
2001-11-02,9.218422385296272,-14.615861195796032,-19.648356331867195,39.91252732453689
2001-11-03,9.130455779573506,-13.88501008146636,-17.751711352443166,41.34149593508393
2001-11-04,10.330543319277565,-14.241314353855168,-18.138933758480132,41.37425503371054
2001-11-05,10.919426697525857,-15.764377885669779,-17.0486697128843,40.26760802807596
2001-11-06,9.685058057177542,-15.636019637553247,-16.513200514483255,38.40436549110032
2001-11-07,10.23467210061225,-17.002904928998774,-16.063608396907494,40.32208847398229
2001-11-08,10.67891785866878,-19.058664843194453,-14.280373667283762,40.96050584739157
2001-11-09,9.849420610909977,-20.777731635920226,-13.11617981195275,41.25405215306387
2001-11-10,9.726580654333427,-20.864889981479244,-12.150610469897925,40.78833703798482
2001-11-11,10.36754544917585,-21.07307060084928,-12.803651609138404,41.24011193202181
2001-11-12,9.1473545623537,-22.013708508918427,-11.402463959671156,40.04502127623215
2001-11-13,8.667620201937495,-22.922618901802654,-9.604830711660796,40.46323236899789
2001-11-14,10.509791967767114,-23.16336458396458,-8.653641138503101,40.015572284557514
2001-11-15,11.098492937092624,-22.50584943511872,-8.456474054460575,40.773460458955306
2001-11-16,9.921541079359038,-22.528780864753713,-7.638646184869062,40.43690826219476
2001-11-17,8.353617810524785,-21.93210677082385,-8.03465367991474,40.96185330881823
2001-11-18,7.668208774362668,-23.55925722681367,-8.783942793445103,42.013885079666615
2001-11-19,7.479803998165716,-23.367744380950118,-9.78336020588831,41.91589633768366
2001-11-20,7.39604304241014,-23.525637885684777,-9.347795742917292,41.241667052908085
2001-11-21,6.530248228426832,-23.63774283264868,-7.399292392041863,41.85786786476398
2001-11-22,6.149352958557323,-21.991661631147505,-8.20678124701265,41.14681799475067
2001-11-23,5.52448007135858,-21.037170182254105,-8.603583829885231,40.562416316367276
2001-11-24,6.689606641949409,-21.974936460515714,-8.79379920695869,42.256605749638815
2001-11-25,5.272041263469019,-22.166525967583567,-8.425747169843664,41.86645131048186
2001-11-26,4.841948894721858,-22.70903152139971,-8.519196978190118,42.003710027812936
2001-11-27,3.7465807433762612,-22.863519636889848,-8.526530809955702,41.483786202148956
2001-11-28,3.174956437814581,-21.968997850606602,-9.494853948525355,42.94767443127636
2001-11-29,3.9507503970966056,-21.550116756541435,-11.27110616471744,42.425727376214084
2001-11-30,4.186391091672852,-20.963738046118582,-11.08238654632282,43.008373980062544
2001-12-01,4.156372087650524,-21.75137990562772,-10.551705199739791,41.48760005900843
2001-12-02,2.9842834248529293,-20.664669504807847,-10.380663395137857,40.609173298704775
2001-12-03,4.024299350390981,-22.6777851422456,-11.237761462073733,40.23086088662749
2001-12-04,4.622956150739648,-21.794037083000717,-10.514046045484308,40.17698246438936
2001-12-05,4.211459728452917,-20.708944743842345,-9.645647427990243,40.25268367190182
2001-12-06,5.485520312801578,-20.80335511744878,-10.231512573358959,38.902045561823236
2001-12-07,5.642863528275902,-21.156523353853835,-9.95044340788521,40.68002322007663
2001-12-08,4.921747464318083,-22.179070975593824,-10.288862646232147,41.28636158276888
2001-12-09,5.504038346290723,-22.718835670188717,-10.712383795803843,40.79508823974054
2001-12-10,5.862765837865624,-21.73053459569208,-9.713490348784209,42.830982094884355
2001-12-11,6.9819053592206055,-23.69394325207642,-10.503311484283543,42.93817470813364
2001-12-12,8.102886105434317,-23.34747599588549,-11.436203315721345,43.15532459694307
2001-12-13,8.439306816480851,-21.413068793443458,-12.852628209181747,42.153748374805495
2001-12-14,7.135088057801113,-21.610927249476042,-13.651167399796844,41.98381102353502
2001-12-15,7.640631724241704,-22.16578273319405,-14.612260141845097,41.53277796119397
2001-12-16,8.551719855676328,-23.156445555044687,-14.99450509768574,42.405756044644676
2001-12-17,7.890439495935052,-23.732011028507227,-15.466784493862875,41.07514806681039
2001-12-18,7.417064095730548,-24.501344714657883,-15.028444979829349,42.205013752488966
2001-12-19,6.888889530473621,-23.521524361457658,-14.687591761400345,43.446897894605044
2001-12-20,6.883774370752128,-23.211170415504483,-15.600292540653337,44.451444797865605
2001-12-21,8.077902161492924,-22.641527347490904,-16.577280969134314,44.41347004008239
2001-12-22,8.92779970494082,-23.423441724453944,-16.712856153921983,44.52753672089626
2001-12-23,9.757012076666442,-25.40247624179539,-16.551044929613354,43.96216217125222
2001-12-24,10.47860228730724,-25.346068130202806,-16.98471599343248,44.49287487860306
2001-12-25,9.106052752337554,-26.078743605225206,-15.549029058586779,42.75263295870647
2001-12-26,9.404976263961128,-25.10023889584661,-15.534952337198767,44.115251585916695
2001-12-27,9.210132214259056,-25.83326555222217,-15.60999235585935,44.05101977581237
2001-12-28,9.538977612240934,-25.73799587022056,-14.710097308289347,44.32096047138216
2001-12-29,8.808492134753047,-25.28529335403576,-14.332593601406987,44.17341858729688
2001-12-30,9.769105611405816,-25.395015238359147,-14.060604972624061,45.845286517925715
2001-12-31,8.339575211334285,-25.033433417120087,-13.904363956373519,44.30092157382762
2002-01-01,9.179593619361679,-24.520348287892716,-14.418133438993687,45.18348614565807
2002-01-02,8.949531655440568,-23.80563436620313,-14.396820741571421,44.93962285970834
2002-01-03,8.047930610941549,-25.41012248347979,-15.355637544917318,44.66188555498297
2002-01-04,7.98223850334583,-24.999039734589925,-15.25435949664733,44.29270994814547
2002-01-05,6.6717040772896565,-25.354621003448027,-14.602786279248937,43.87763406479808
2002-01-06,5.947020922929865,-23.87164951528077,-14.666286598844067,43.05461735327489
2002-01-07,6.0004011748695,-24.179837812525758,-15.144418559332584,44.483669193505555
2002-01-08,4.519155397439425,-24.588115803540006,-16.194673256476584,46.13382265870525
2002-01-09,4.147210973742536,-25.081158485642092,-16.076665793758206,45.621678101172684
2002-01-10,4.792669930371732,-25.11168682553654,-15.28226412320153,45.25317975314594
2002-01-11,3.900366926808643,-25.198091730779918,-13.106855081820799,43.63932450465642
2002-01-12,3.9549704575893467,-25.75904802223455,-13.721016816880063,43.028207544001944
2002-01-13,3.9074249969447643,-24.883165575430567,-14.945333696278649,42.92027098117117
2002-01-14,3.1652888291375456,-25.278922965581778,-14.85755016263295,44.83424215939189
2002-01-15,1.7327694096113633,-26.532364582876962,-13.33852982327282,44.94534083696037
2002-01-16,0.7092769924730764,-25.59114982012033,-14.364167776760729,47.53037678600489
2002-01-17,-0.010941281726055907,-25.217516259731326,-15.147397164663987,46.1709970706114
2002-01-18,0.22755643830079705,-28.027143180822247,-15.833300733278993,45.83958584173358
2002-01-19,0.5941771009178213,-29.27347176715854,-15.884277676424677,46.093805248358535
2002-01-20,2.2147670843524994,-29.665833599129403,-18.134678053153106,46.0031114123737
2002-01-21,2.7044004148655003,-29.025899426408078,-18.368786816961407,46.62179089054034
2002-01-22,4.366491211522906,-30.045294501224433,-16.06099404654507,45.11637555095815
2002-01-23,6.254128558455794,-29.500098567897982,-15.989455767489012,44.96968140251955
2002-01-24,6.100200641737784,-30.00145357147369,-16.106788283064528,43.39288347108024
2002-01-25,6.859112674664949,-29.873196919196502,-17.18610830263314,43.71153904641256
2002-01-26,6.86534544116021,-29.210208187788602,-16.298324214625623,45.325606458836035
2002-01-27,7.6207267666601455,-29.857279715902862,-15.985328662235899,45.274332024835424
2002-01-28,6.7076539188350255,-29.77961686010042,-17.734634654367408,45.22362649731275
2002-01-29,5.467093250507294,-32.003279176678284,-18.30393503258387,44.68129550687142
2002-01-30,4.977251499697616,-32.60728932581778,-17.54830181692983,45.35590343763666
2002-01-31,4.9209263333029885,-31.311838725550608,-16.81328462149982,46.53633429365526
2002-02-01,3.7689609632801773,-32.05134563513011,-16.68038174457034,44.985605841289136
2002-02-02,3.786450493878857,-31.52635281023335,-18.040328979085093,43.542868185610324
2002-02-03,4.814875800529542,-31.232267426592337,-17.95652329375532,43.817729872172094
2002-02-04,5.483843551719202,-31.13996999992943,-19.73389430692984,43.79212414538798
2002-02-05,5.000844594499907,-30.37961800833645,-19.947333444925842,44.66401513167068
2002-02-06,4.242582602513423,-30.217656237272344,-17.37432823254812,44.40155258064822
2002-02-07,2.4171677632393314,-30.94169144855525,-16.584001760719328,44.15088934565172
2002-02-08,3.641510650170278,-31.713082158820974,-17.683582116565525,41.74457296286709
2002-02-09,3.576855822404454,-31.47786103328874,-17.920287316765464,42.25390068733878
2002-02-10,3.723335379109982,-30.797537814844354,-18.6476848630475,42.46770180410987
2002-02-11,2.1456053903231407,-31.88960302333903,-17.640559090765283,41.7314578325158
2002-02-12,1.5841424149832557,-31.55311774787859,-18.476943581611984,41.63381906963404
2002-02-13,0.2939982189864183,-30.40938136090329,-17.787815591882143,42.39500749768962
2002-02-14,0.5470502716882564,-31.448033079050386,-17.78594425183137,42.38312920203176
2002-02-15,-1.2894698221837047,-32.97722393137223,-17.85554048310733,43.039613286886286
2002-02-16,0.052196887508637824,-31.928237346965666,-19.276290122465262,42.61941587084985
2002-02-17,-0.01646826360581577,-29.68260784650782,-18.96601904620695,42.469341694186944
2002-02-18,-1.5317854897870147,-29.311234554006493,-18.936624918645382,43.966140608590784
2002-02-19,-2.127215530166005,-29.3336498131823,-18.480304189470175,45.295654376984096
2002-02-20,-1.9695366265466432,-31.65304957741062,-18.618735089192764,45.99884429306146
2002-02-21,-1.6330080381795273,-32.423816840712256,-18.62970142903527,48.07170223488372
2002-02-22,-2.6792582566871013,-30.62666193352468,-19.138743049304164,47.70451424270194
2002-02-23,-3.3963782795464796,-29.460561957265412,-17.11034193855533,47.71160980681715
2002-02-24,-2.8676124132345935,-29.579560116973145,-17.03329770041729,46.9572417929607
2002-02-25,-4.080987600364417,-29.27258014667513,-17.23464387590534,45.43645758188867
2002-02-26,-4.0603247277097605,-28.59926346564607,-16.49073957719396,45.88093719331504
2002-02-27,-3.7625659125667026,-30.641192887917345,-17.28216631880452,46.49040606069551
2002-02-28,-4.677911131337801,-31.39055274511371,-17.42350776704213,47.23074061570214
2002-03-01,-3.241776137755145,-31.299957120092394,-16.748209803672037,49.004392876486264
2002-03-02,-2.3139821566238523,-30.509471417282178,-15.001720413323856,49.59681951921397
2002-03-03,-3.2760410035060024,-30.5787715562966,-14.008235125673044,48.781103767397546
2002-03-04,-1.8793132771222334,-31.612319290120986,-13.563315106552286,49.18438107685113
2002-03-05,-2.207031652064074,-32.348817065072474,-12.593902051736535,49.389323294827385
2002-03-06,-1.6578890612331887,-32.866928346190605,-12.759667766567341,49.78338735649073
2002-03-07,-1.8882303049321323,-32.7984477405604,-13.383085259441957,49.461274308599755
2002-03-08,-2.7048278994677695,-32.037084790962666,-13.29119387007584,49.320286257886934
2002-03-09,-1.6008890612807978,-31.625477048804854,-12.608630454418115,49.70356100007848
2002-03-10,-1.9733620210744194,-32.22357317028616,-12.917539328316067,51.70897982350761
2002-03-11,-3.686417175512814,-31.98658586969598,-13.507201207172564,52.24412059277535
2002-03-12,-3.0176558786524206,-31.9152107382639,-14.237992459911053,52.325720873046244
2002-03-13,-2.7284095332565808,-32.087284309177576,-14.988933592662454,54.25341009573554
2002-03-14,-3.1842608949851128,-31.761499446412714,-14.910190931343923,54.112394998097095
2002-03-15,-3.9345475476103537,-29.555620689400527,-16.26502912093421,54.857709975327275
2002-03-16,-2.4918654118609553,-29.411328723818848,-15.422898694616942,53.71408953982515
2002-03-17,-4.533650094496563,-27.856888002982863,-16.05771024183408,53.09762499260188
2002-03-18,-4.470560145297539,-28.328362589443987,-17.57538064742013,51.95367777961288
2002-03-19,-5.1624898267336405,-28.067191650998073,-17.00335532137718,52.76727662957846
2002-03-20,-4.938710885018858,-27.410591774620904,-16.239160454093337,50.718888401088236
2002-03-21,-3.767353324715131,-25.14529536621595,-15.959305825173038,50.3271995432108
2002-03-22,-2.860820952369639,-24.839257702488567,-16.254961843689692,51.603991576570195
2002-03-23,-4.7208827255192976,-26.857661381107455,-16.191079265597327,52.08681964517326
2002-03-24,-5.476666181146433,-28.281113765511307,-15.95435355268972,52.422652094606036
2002-03-25,-5.969301999599471,-28.6675399457282,-15.162093413176985,51.541407340989046
2002-03-26,-4.933233160807215,-28.75246351063008,-13.547984545882427,51.24464951988402
2002-03-27,-5.120211895248033,-27.668511874526878,-14.70503624446521,50.396946973541205
2002-03-28,-7.412673578257199,-25.162723378920628,-13.480759013436888,50.11133215144107
2002-03-29,-9.16481352290923,-23.860784193045404,-14.37667171282629,48.470640713473294
2002-03-30,-10.844942142332545,-22.820008139087797,-14.55490132675434,48.70231475408734
2002-03-31,-11.07577000630758,-22.889498996219643,-14.516919268013352,48.71202587166277
2002-04-01,-10.244291859487404,-22.868614456493386,-13.88525058924321,47.84583791290261
2002-04-02,-10.462087884459274,-23.784110325421366,-12.895151957369809,51.54129501872899
2002-04-03,-8.844216059084733,-23.65330572213419,-10.989425870488267,50.33030751768524
2002-04-04,-9.49724590397411,-24.90432331108267,-10.656983742435626,49.75129627693409
2002-04-05,-10.206405364766512,-25.638103081064315,-11.750521280056455,49.64907311618532
2002-04-06,-9.633484088532928,-26.31373574793762,-12.585548981374592,49.189912900627476
2002-04-07,-9.586597943843852,-25.919368222863632,-13.005584947853324,49.58099160490831
2002-04-08,-11.279878909481718,-26.912616407713738,-12.970912408220439,51.0478955988059
2002-04-09,-11.34797165866668,-29.303824786339874,-12.99724238008489,51.26347433478287
2002-04-10,-12.91674766189811,-29.984796064387364,-12.746810911562324,49.21218644762371
2002-04-11,-12.281024062861242,-29.45786113703999,-12.410850996361669,48.56252874549864
2002-04-12,-12.901739111604995,-31.66263035840445,-11.526070265842135,49.13451170200214
2002-04-13,-12.931522483365125,-30.868181872768137,-11.229430960344617,51.09562380333338
2002-04-14,-12.775694170531596,-31.248691743051648,-11.694487338292118,51.113107111474726
2002-04-15,-12.749290033568482,-32.27601173676483,-10.1514593123796,52.22081911586631
2002-04-16,-13.570180338043551,-32.481698233684575,-9.881877535098054,50.72664332996318
2002-04-17,-13.441583046523604,-30.446862013489483,-9.844994116313437,49.239738390248945
2002-04-18,-11.846070028835507,-28.17830996899083,-9.224144671704247,47.52545287643108
2002-04-19,-12.245469432023064,-29.12093676646357,-9.868719897168654,46.30296633589911
2002-04-20,-12.405544144117668,-29.491849840987136,-7.979000068877246,45.7727328665263
2002-04-21,-12.270242264854936,-29.369477167461945,-8.54653814681183,46.14504177690023
2002-04-22,-11.501459806724863,-29.94888703369465,-10.577057590108884,44.905702754681975
2002-04-23,-11.643246593370064,-29.206091426520004,-11.396014744571207,44.07376815685386
2002-04-24,-11.369065280497875,-29.186020656435044,-13.059432022346076,43.089761364208655
2002-04-25,-9.986214660580151,-30.15906584591795,-12.73374894623545,44.98990511085575
2002-04-26,-9.299668955121746,-31.53817647638106,-15.28350392867033,45.556785837225604
2002-04-27,-9.26216776914829,-29.233873319188113,-15.525459898677864,44.55959996255664
2002-04-28,-9.072303348873922,-30.105173057557014,-13.625280901471736,44.4945209323604
2002-04-29,-8.583538513867035,-29.820364501221054,-13.888121647809443,41.80614860507748
2002-04-30,-10.092713458078313,-27.76092514167371,-13.439051505880084,41.00056269088507
2002-05-01,-8.43892336761706,-27.76740145955382,-11.548543964858434,40.51954525222122
2002-05-02,-8.864641939712547,-28.16429697908792,-11.479423470702727,39.617577908404705
2002-05-03,-8.7046221520734,-26.827565532029542,-11.59192009496754,38.782526986007284
2002-05-04,-9.78855251765632,-26.95129157250376,-10.572110038263617,38.906060412941244
2002-05-05,-9.96635607503336,-26.210543361155356,-10.534532272000634,38.16048730479983
2002-05-06,-9.529166816560425,-26.05617388273689,-9.101361971753104,38.581912845605956
2002-05-07,-10.564226187679134,-26.019999107188237,-9.72115111937335,37.30583360669463
2002-05-08,-9.819189335007524,-26.07431881390862,-10.23949217557394,36.453047624025665
2002-05-09,-8.5512427323095,-25.58141986974453,-8.672641371889927,37.0132625163871
2002-05-10,-8.380316233509602,-26.755517627864833,-9.999995058165046,37.813052759364425
2002-05-11,-7.457075632343342,-27.052237744979276,-9.321803181244558,39.21487691954037
2002-05-12,-6.756032823451452,-27.92707350203827,-8.92133023039698,39.07176400555379
2002-05-13,-4.191254285502977,-27.409608947564077,-8.402085065963638,37.68257535250897
2002-05-14,-3.8794703914817172,-26.777855766542555,-8.284332944954842,38.13016793993351
2002-05-15,-4.019243545447771,-28.3329205311054,-9.605183608800328,37.7242723816841
2002-05-16,-3.601242649907397,-28.53241388421574,-8.526466983029461,37.193832504001335
2002-05-17,-3.099738364157742,-29.45709641752064,-6.5450947974336655,37.051677323397755
2002-05-18,-4.9838760139805665,-30.53460672388691,-7.67326051142377,36.05614009192349
2002-05-19,-6.111435520361907,-30.20703898513748,-6.682497980497781,36.10792017864148
2002-05-20,-5.006056413903513,-29.677338392937763,-7.7072728234469565,34.70106459729607
2002-05-21,-5.496966277877906,-29.83599866629931,-7.326818741933971,35.88636592131436
2002-05-22,-6.504999031271517,-31.367108117989957,-7.135840112125608,34.52690939028221
2002-05-23,-6.722193150077818,-31.799971792558953,-7.332118880168826,35.971839729066595
2002-05-24,-7.2005560900699725,-31.588041869200666,-8.994550285176597,35.85133119808669
2002-05-25,-7.7947786348039365,-30.648685289563076,-7.849908180229903,35.36213509605564
2002-05-26,-7.977093651927169,-30.957393001298254,-10.092043962602672,33.807297414548394
2002-05-27,-7.652345671066749,-31.79612654689777,-12.660530736383182,33.89108291239659
2002-05-28,-8.114149876800813,-31.863409774371792,-12.722138078442057,34.18131383194661
2002-05-29,-7.9467287509799185,-32.62832303687218,-12.572313757150114,33.93181022262214
2002-05-30,-6.861634793043141,-33.02705596161866,-13.69189684678317,34.95842313337385
2002-05-31,-6.7522997362758,-33.36413598451002,-14.239033449668629,35.286626462054834
2002-06-01,-8.987808774708157,-31.402279411439796,-15.983771959133872,36.27914773008417
2002-06-02,-10.442875953291587,-31.917364310280774,-18.580273233980275,37.38582933124733
2002-06-03,-10.314465024426852,-30.471645731824157,-18.645070681898524,37.26482374919502
2002-06-04,-9.23679437950017,-31.169718450836715,-18.311962896018777,36.12642325353269
2002-06-05,-9.083917032091454,-30.865619824918987,-19.16942151226462,36.290403138713444
2002-06-06,-9.606346543124921,-31.570123076374433,-17.169531122045363,36.968270754555974
2002-06-07,-9.792527219088562,-30.58840636647236,-17.283650976693412,36.11956916978127
2002-06-08,-9.380238518259143,-30.521294652860508,-16.614816866688837,35.92503437832619
2002-06-09,-8.67986217019963,-31.108772677368925,-17.02441763517597,36.783280369401204
2002-06-10,-8.989989859098,-30.40488126935827,-18.19375311344235,38.52901136271865
2002-06-11,-10.223777185024561,-30.523139596518494,-16.778200607261034,39.63801861463656
2002-06-12,-9.910894628638175,-30.55354975766461,-17.989112283966847,39.63064690259577
2002-06-13,-9.377618721447137,-29.64270213420066,-19.50239307949249,38.01792116387929
2002-06-14,-9.748846011473693,-29.05005710802091,-19.40158495571837,37.27052088436792
2002-06-15,-9.19633752575939,-28.938326073062964,-21.49924615624721,38.1392604568599
2002-06-16,-9.85164858835997,-28.004266358862978,-20.694427098683928,37.16524651399503
2002-06-17,-8.607142450154747,-28.777614945441034,-22.485067892000565,35.475610547274925
2002-06-18,-10.03773051645328,-28.306771266086642,-23.252061957248717,35.723844365743126
2002-06-19,-8.89398256540364,-29.059637879933067,-22.266878985158073,35.68244151332859
2002-06-20,-8.083321271896386,-30.474047274304564,-22.776831339889842,34.0303834110021
2002-06-21,-7.653233615214949,-30.082320924852606,-22.65082109703138,33.90879469652745
2002-06-22,-7.15664457409098,-30.863617278118717,-22.3771517919551,34.77267786579121
2002-06-23,-5.8804490827980045,-31.3844479492429,-22.79613051830116,33.11609144192138
2002-06-24,-6.679468988057339,-31.084131363054258,-21.156409589704435,32.34500933193203
2002-06-25,-6.9297582693557285,-33.10323937626805,-21.640923568377268,31.50251980254123
2002-06-26,-5.826394167082024,-32.82607359629667,-22.816131233753346,29.33376257011041
2002-06-27,-5.85979931261275,-31.25010527180133,-24.689200428834628,27.091227448456475
2002-06-28,-5.974202150274751,-30.97050565984985,-23.23413180618293,26.85866160189658
2002-06-29,-7.4423398855354135,-32.20606129037431,-22.026757406865812,27.029245256070542
2002-06-30,-5.7550116989176665,-32.245517816849166,-20.09989678967974,28.115565916297665
2002-07-01,-5.140070700307884,-32.12104182605311,-19.628801234945325,27.466763210960202
2002-07-02,-4.076527414657114,-31.194416826486734,-20.265396685556635,29.669580525797567
2002-07-03,-4.113994837619729,-29.512867029558066,-20.568309112603817,27.493853176976618
2002-07-04,-3.30456530853154,-28.452940987113358,-18.768422862115592,28.042617703849924
2002-07-05,-1.987427779518603,-28.23966459480984,-17.268140226682387,26.613532778608366
2002-07-06,-2.686315508986266,-27.840726632398653,-18.817724588695505,26.8560773012265
2002-07-07,-1.9891503048810453,-27.00532785788214,-20.735585160828204,25.906941997285887
2002-07-08,-2.0199061190631977,-26.233795877212046,-19.983179451023528,25.82444784191124
2002-07-09,-2.5118823282470863,-27.04306878979402,-19.916215352532614,26.63095056905131
2002-07-10,0.6361512234285822,-26.148331367847476,-19.116557143946835,26.011255213612753
2002-07-11,0.2665700513599923,-25.44771733472526,-18.56681546720477,28.651303967407248
2002-07-12,0.43568511182017683,-23.8550975377664,-18.76306210094766,27.548266590920353
2002-07-13,-0.02012379739649195,-23.90656049583132,-18.671853511754097,26.634797190798196
2002-07-14,1.6163573235830442,-24.958900180513215,-16.76265904444371,26.15060593247854
2002-07-15,0.10584276295444006,-25.79398100916596,-17.032190970966308,25.158531230976727
2002-07-16,-1.6607711298533934,-27.50297447411669,-18.82157009490103,25.482135478935362
2002-07-17,-3.18571611589431,-29.702450657265167,-17.96232750474882,25.392792324797888
2002-07-18,-2.875765004585793,-27.588210019490308,-19.374768209198663,26.928951017643364
2002-07-19,-3.080126034769218,-25.490212362836562,-18.459844444107635,27.809060504642893
2002-07-20,-3.863874925441163,-24.804771175243893,-19.85088338499729,26.829986577287322
2002-07-21,-4.790800896247292,-24.852767306054933,-20.339852125666688,27.079008467885885
2002-07-22,-5.333981182382072,-25.548928582714733,-19.76841422141558,25.310602047886597
2002-07-23,-4.486728165840321,-25.27566866432502,-19.66315819119793,26.037204290709163
2002-07-24,-5.313432018498324,-25.76538299459552,-18.24841960120865,26.326621347918866
2002-07-25,-5.223054456619204,-25.27121411244716,-18.58257933064285,27.711220630050878
2002-07-26,-5.51729722145114,-23.3705381629585,-19.846079112907546,26.975595365611888
2002-07-27,-4.88933678310372,-21.877382017565683,-19.601610570600744,25.91997869572193
2002-07-28,-4.184889463559406,-21.747976165242225,-17.87967739560047,25.52976846689142
2002-07-29,-4.591789591738631,-21.315944826641815,-17.926076938064742,25.99256911966351
2002-07-30,-4.781196218284118,-21.173036294742076,-19.90407506064612,25.5472396359709
2002-07-31,-4.770381932410821,-20.127058566480688,-18.297089948063924,24.125301384023963
2002-08-01,-5.059814363677321,-20.85745334178193,-19.10924704682378,24.5431924342037
2002-08-02,-5.63153768742333,-22.542445172711396,-19.701970167082532,24.67172537386189
2002-08-03,-6.606541487576045,-22.76740164590378,-18.931221283775514,22.912822762541985
2002-08-04,-6.164557073167394,-24.26938875134686,-17.77811199743238,24.87671050435162
2002-08-05,-7.95668433115199,-23.585246297605046,-18.3986464436666,24.049778031390414
2002-08-06,-9.611076368307273,-25.400682691005407,-18.44773193380402,24.159549281001365
2002-08-07,-10.367473907662442,-24.074801756737465,-18.652834950600415,24.52033138670331
2002-08-08,-8.494714354850565,-21.88373273198215,-18.581146749550367,25.555528447221768
2002-08-09,-9.325515856070608,-22.625563563289138,-17.09990227762765,27.07017675024121
2002-08-10,-7.630098339911534,-23.283911884105816,-17.006912244047676,26.399467971326963
2002-08-11,-8.487650615997765,-23.724138751045476,-16.94424383828102,27.05379012860638
2002-08-12,-8.110185907288495,-26.220779696600978,-16.055280037577575,25.472427179348603
2002-08-13,-7.455337941258231,-27.43212599142381,-14.685392432456528,25.219617999550064
2002-08-14,-7.792801044141699,-28.726599802473537,-14.509237050244012,25.36244478877248
2002-08-15,-7.569434093111729,-29.077896054359606,-14.83285429579033,25.752829402001517
2002-08-16,-8.002848124222616,-28.473542727439416,-13.155316560259816,26.840555055884728
2002-08-17,-10.085310256486354,-28.474246200159993,-13.410076917839326,25.40146014044854
2002-08-18,-9.196983285109031,-28.154867142073044,-12.789500599615646,25.658395485015472
2002-08-19,-8.515390719045852,-28.30959370959773,-11.329653307183795,26.244202531747252
2002-08-20,-7.939471418820849,-28.963640268468303,-10.421117797941417,27.177254364322927
2002-08-21,-9.004172624653807,-27.706030431242457,-10.917852155170706,29.16244209635636
2002-08-22,-11.260886755990875,-28.84089966798178,-10.525424676420112,29.89694764568055
2002-08-23,-12.862201380566248,-29.957904530698762,-10.078213266683699,30.481607225516075
2002-08-24,-12.773440237450052,-30.38536547586947,-11.896626076845433,29.669621129094875
2002-08-25,-13.398032759420037,-30.493499698562356,-13.175245464951495,28.024055601786234
2002-08-26,-13.349711681781173,-29.672660695998566,-11.754208288491865,28.268433196200107
2002-08-27,-12.89823448591921,-31.898833610520263,-12.732440002788412,28.64348340944928
2002-08-28,-12.67375248686268,-30.66775988744529,-12.339825458588418,30.298237301324914
2002-08-29,-14.6506832357801,-32.66272921248376,-12.568126774445625,31.0979910420789
2002-08-30,-14.769696748033304,-33.14249236771277,-10.794904478288732,32.34112666244539
2002-08-31,-13.721920299362509,-33.64889236720528,-11.358036249130885,32.66397760061101
2002-09-01,-13.282761476416992,-33.588879035685316,-10.53481662775929,32.16585868920105
2002-09-02,-14.02505841236065,-34.400577499230224,-10.895892526217779,32.40177243874604
2002-09-03,-16.188247929127503,-34.07444563954632,-9.791817067629468,31.17996920481767
2002-09-04,-15.795500308981403,-34.26213404990102,-9.422357056208993,31.772729653190044
2002-09-05,-15.29641721677978,-34.41803605672386,-8.39597757256266,31.813289708170515
2002-09-06,-16.23037023430452,-33.688240287185025,-8.801377900602896,31.934826302214322
2002-09-07,-14.909683455266483,-33.45265269374307,-9.154753551970243,31.426346193997112
2002-09-08,-15.212635311064334,-33.587652241618414,-8.311279875062354,30.304695620989403
2002-09-09,-15.065352301818201,-33.242541886995795,-8.84428023473979,30.10573956956606
2002-09-10,-15.050579275568184,-33.63434359887311,-9.76594428226041,30.631171697903195
2002-09-11,-13.852429724696222,-33.56746233920236,-10.09700768643941,31.096835148708962
2002-09-12,-13.570446592141161,-33.668038122073355,-9.556220806053556,34.47018898032494
2002-09-13,-13.363794962757392,-35.21275487382147,-8.912271761619726,33.16662657944237
2002-09-14,-14.18332148120094,-34.46609677136531,-7.049766793602904,32.77233391493842
2002-09-15,-15.689497350895879,-34.666556681282,-7.154083721340636,33.40183075174032
2002-09-16,-15.69010014945686,-36.18010363016364,-7.105416618807795,33.33558404509384
2002-09-17,-16.563275012788036,-37.2234226649131,-7.62061968714497,32.78684052993089
2002-09-18,-16.05894585482163,-36.07870024701482,-5.702842742169091,31.184354013517606
2002-09-19,-16.48999878233504,-35.97672989114651,-3.6723049434750834,32.85743919316569
2002-09-20,-16.139632491223207,-36.37086146961044,-3.7828568038890023,30.8912971936606
2002-09-21,-17.50311208945173,-34.986780935466925,-3.239616598781911,31.090731960529144
2002-09-22,-18.587084276850806,-34.69973494887586,-2.2561569710795526,31.513257961677237
2002-09-23,-19.61600404304204,-34.393281230438255,-1.4319894194318605,31.65329589093908
2002-09-24,-20.797758099021,-34.08693618845666,-1.978301244802084,32.06120447849452
2002-09-25,-19.052954250447623,-34.679074260271754,-1.0742787330458108,31.79377881033565
2002-09-26,-20.815154995762224,-33.38779899253952,-1.2114265770092456,29.938070816954287
